{
  "checkpoint": "C:\\Users\\Windows\\Documents\\Test_Runs\\Surgical_Gesture_Learning\\Surgical_Gestures\\checkpoints\\sweeps\\t1_smoke\\brain_mode_kinematics_rsa__w_skill_contra_0.0\\best_model.pth",
  "split": "fold_1",
  "split_family": "louo",
  "probe_mode": "train",
  "n_samples": 1241,
  "embedding_dim": 384,
  "surgeon_letter_to_id": {
    "D": 0,
    "E": 1,
    "F": 2,
    "G": 3,
    "H": 4,
    "I": 5
  },
  "probes": {
    "skill": {
      "target": "skill",
      "n_classes_present": 3,
      "n_samples": 1241,
      "majority_baseline": 0.4383561643835616,
      "linear_accuracy_mean": 0.9814710454722114,
      "linear_accuracy_std": 0.0074641430899061376,
      "linear_balanced_mean": 0.9703646661628282,
      "knn_accuracy_mean": 0.9580936649825107,
      "knn_accuracy_std": 0.0075009212848373575,
      "knn_balanced_mean": 0.9420445792832531
    },
    "gesture": {
      "target": "gesture",
      "n_classes_present": 14,
      "n_samples": 1241,
      "majority_baseline": 0.16116035455278002,
      "linear_accuracy_mean": 0.5930560953491385,
      "linear_accuracy_std": 0.018499046432251764,
      "linear_balanced_mean": 0.5289325719436556,
      "knn_accuracy_mean": 0.5446981474284234,
      "knn_accuracy_std": 0.02863214531372215,
      "knn_balanced_mean": 0.45274251815507965
    },
    "surgeon": {
      "target": "surgeon",
      "n_classes_present": 6,
      "n_samples": 1241,
      "majority_baseline": 0.22562449637389204,
      "linear_accuracy_mean": 0.9621259230470269,
      "linear_accuracy_std": 0.013641905640824174,
      "linear_balanced_mean": 0.958706937672171,
      "knn_accuracy_mean": 0.9137614976033165,
      "knn_accuracy_std": 0.016517231475080937,
      "knn_balanced_mean": 0.9074543214743193
    },
    "task": {
      "target": "task",
      "n_classes_present": 3,
      "n_samples": 1241,
      "majority_baseline": 0.4794520547945205,
      "linear_accuracy_mean": 1.0,
      "linear_accuracy_std": 0.0,
      "linear_balanced_mean": 1.0,
      "knn_accuracy_mean": 1.0,
      "knn_accuracy_std": 0.0,
      "knn_balanced_mean": 1.0
    }
  }
}