{
  "checkpoint": "C:\\Users\\Windows\\Documents\\Test_Runs\\Surgical_Gesture_Learning\\Surgical_Gestures\\checkpoints\\sweeps\\t1_smoke\\brain_mode_none__w_skill_contra_0.0\\best_model.pth",
  "split": "fold_1",
  "split_family": "louo",
  "probe_mode": "train",
  "n_samples": 1241,
  "embedding_dim": 384,
  "surgeon_letter_to_id": {
    "D": 0,
    "E": 1,
    "F": 2,
    "G": 3,
    "H": 4,
    "I": 5
  },
  "probes": {
    "skill": {
      "target": "skill",
      "n_classes_present": 3,
      "n_samples": 1241,
      "majority_baseline": 0.4383561643835616,
      "linear_accuracy_mean": 0.9830677548905298,
      "linear_accuracy_std": 0.010011978341423155,
      "linear_balanced_mean": 0.9769824453529555,
      "knn_accuracy_mean": 0.9556872651897915,
      "knn_accuracy_std": 0.0050341398429967436,
      "knn_balanced_mean": 0.934497771996533
    },
    "gesture": {
      "target": "gesture",
      "n_classes_present": 14,
      "n_samples": 1241,
      "majority_baseline": 0.16116035455278002,
      "linear_accuracy_mean": 0.6865332296929655,
      "linear_accuracy_std": 0.01256607490414598,
      "linear_balanced_mean": 0.6063733823647616,
      "knn_accuracy_mean": 0.6446042233449929,
      "knn_accuracy_std": 0.027455112454055026,
      "knn_balanced_mean": 0.5651166034294114
    },
    "surgeon": {
      "target": "surgeon",
      "n_classes_present": 6,
      "n_samples": 1241,
      "majority_baseline": 0.22562449637389204,
      "linear_accuracy_mean": 0.9653387744526494,
      "linear_accuracy_std": 0.009768539580354776,
      "linear_balanced_mean": 0.964869576418014,
      "knn_accuracy_mean": 0.88636481409509,
      "knn_accuracy_std": 0.018011828069321712,
      "knn_balanced_mean": 0.8814329671176816
    },
    "task": {
      "target": "task",
      "n_classes_present": 3,
      "n_samples": 1241,
      "majority_baseline": 0.4794520547945205,
      "linear_accuracy_mean": 1.0,
      "linear_accuracy_std": 0.0,
      "linear_balanced_mean": 1.0,
      "knn_accuracy_mean": 0.9991935483870968,
      "knn_accuracy_std": 0.00161290322580645,
      "knn_balanced_mean": 0.9994397759103641
    }
  }
}