{
  "Knot_Tying": {
    "num_folds": 4,
    "metrics": {
      "loss_total_loss": {
        "mean": 3.01589725,
        "std": 0.5808056228568966,
        "min": 2.222809,
        "max": 3.841523,
        "values": [
          3.137767,
          2.222809,
          3.841523,
          2.86149
        ]
      },
      "loss_kinematics_loss": {
        "mean": 0.085351,
        "std": 0.09238184069934957,
        "min": 0.019946,
        "max": 0.244754,
        "values": [
          0.03431,
          0.042394,
          0.019946,
          0.244754
        ]
      },
      "loss_position": {
        "mean": 0.22696824999999998,
        "std": 0.17112536137927514,
        "min": 0.07798,
        "max": 0.503716,
        "values": [
          0.091718,
          0.503716,
          0.234459,
          0.07798
        ]
      },
      "loss_rotation": {
        "mean": 2.19070625,
        "std": 0.48644114043035824,
        "min": 1.419932,
        "max": 2.678566,
        "values": [
          2.678566,
          2.139317,
          2.52501,
          1.419932
        ]
      },
      "loss_jaw": {
        "mean": 0.085351,
        "std": 0.09238184069934957,
        "min": 0.019946,
        "max": 0.244754,
        "values": [
          0.03431,
          0.042394,
          0.019946,
          0.244754
        ]
      },
      "loss_gesture_loss": {
        "mean": 2.1719825000000004,
        "std": 0.28570827533123705,
        "min": 1.796658,
        "max": 2.452568,
        "values": [
          2.452568,
          1.993042,
          2.445662,
          1.796658
        ]
      },
      "loss_skill_loss": {
        "mean": 1.5171285,
        "std": 0.8501527845153777,
        "min": 0.374746,
        "max": 2.751831,
        "values": [
          1.30178,
          0.374746,
          2.751831,
          1.640157
        ]
      },
      "kinematics_position_rmse": {
        "mean": 0.643487,
        "std": 0.2702692945128987,
        "min": 0.384102,
        "max": 1.065491,
        "values": [
          0.432579,
          1.065491,
          0.691776,
          0.384102
        ]
      },
      "kinematics_end-effector_error": {
        "mean": 1.09621275,
        "std": 0.47902979703478515,
        "min": 0.630942,
        "max": 1.842631,
        "values": [
          0.726795,
          1.842631,
          1.184483,
          0.630942
        ]
      },
      "kinematics_rotation_rmse": {
        "mean": 0.8080182499999999,
        "std": 0.18977986406936723,
        "min": 0.560004,
        "max": 1.083354,
        "values": [
          0.8508,
          0.737915,
          1.083354,
          0.560004
        ]
      },
      "gesture_accuracy": {
        "mean": 23.720000000000002,
        "std": 9.475302106001687,
        "min": 9.09,
        "max": 32.69,
        "values": [
          21.62,
          32.69,
          9.09,
          31.48
        ]
      },
      "gesture_f1_macro": {
        "mean": 0.122025,
        "std": 0.04751617487761404,
        "min": 0.0711,
        "max": 0.1717,
        "values": [
          0.0711,
          0.1672,
          0.0781,
          0.1717
        ]
      },
      "gesture_f1_micro": {
        "mean": 0.23720000000000002,
        "std": 0.09475302106001689,
        "min": 0.0909,
        "max": 0.3269,
        "values": [
          0.2162,
          0.3269,
          0.0909,
          0.3148
        ]
      },
      "skill_accuracy": {
        "mean": 26.845,
        "std": 36.40234161424234,
        "min": 0.0,
        "max": 88.46,
        "values": [
          18.92,
          88.46,
          0.0,
          0.0
        ]
      },
      "skill_f1_macro": {
        "mean": 0.10475000000000001,
        "std": 0.1277432679243803,
        "min": 0.0,
        "max": 0.3129,
        "values": [
          0.1061,
          0.3129,
          0.0,
          0.0
        ]
      }
    }
  },
  "Needle_Passing": {
    "num_folds": 4,
    "metrics": {
      "loss_total_loss": {
        "mean": 3.50057875,
        "std": 0.5007005552949664,
        "min": 2.94367,
        "max": 4.189136,
        "values": [
          4.189136,
          2.94367,
          3.758699,
          3.11081
        ]
      },
      "loss_kinematics_loss": {
        "mean": 0.04146175,
        "std": 0.01890326898151481,
        "min": 0.023014,
        "max": 0.073105,
        "values": [
          0.03429,
          0.035438,
          0.023014,
          0.073105
        ]
      },
      "loss_position": {
        "mean": 0.29695725,
        "std": 0.16653540248604048,
        "min": 0.076236,
        "max": 0.511965,
        "values": [
          0.210445,
          0.511965,
          0.389183,
          0.076236
        ]
      },
      "loss_rotation": {
        "mean": 1.9171847499999999,
        "std": 0.22610585332911548,
        "min": 1.563132,
        "max": 2.190924,
        "values": [
          1.563132,
          2.190924,
          1.97952,
          1.935163
        ]
      },
      "loss_jaw": {
        "mean": 0.04146175,
        "std": 0.01890326898151481,
        "min": 0.023014,
        "max": 0.073105,
        "values": [
          0.03429,
          0.035438,
          0.023014,
          0.073105
        ]
      },
      "loss_gesture_loss": {
        "mean": 2.3965187500000003,
        "std": 0.3448455243107956,
        "min": 1.874369,
        "max": 2.843941,
        "values": [
          2.843941,
          1.874369,
          2.428657,
          2.439108
        ]
      },
      "loss_skill_loss": {
        "mean": 2.12519725,
        "std": 0.5809699076412542,
        "min": 1.197194,
        "max": 2.621812,
        "values": [
          2.621812,
          2.067725,
          2.614058,
          1.197194
        ]
      },
      "kinematics_position_rmse": {
        "mean": 0.75478625,
        "std": 0.2587086574347436,
        "min": 0.390513,
        "max": 1.081717,
        "values": [
          0.656315,
          1.081717,
          0.8906,
          0.390513
        ]
      },
      "kinematics_end-effector_error": {
        "mean": 1.2935615,
        "std": 0.45952317088504907,
        "min": 0.641387,
        "max": 1.871755,
        "values": [
          1.127734,
          1.871755,
          1.53337,
          0.641387
        ]
      },
      "kinematics_rotation_rmse": {
        "mean": 0.7286725,
        "std": 0.1976688113417238,
        "min": 0.566324,
        "max": 1.056981,
        "values": [
          0.566324,
          0.710411,
          1.056981,
          0.580974
        ]
      },
      "gesture_accuracy": {
        "mean": 30.805,
        "std": 12.620381333382918,
        "min": 18.92,
        "max": 51.85,
        "values": [
          23.88,
          51.85,
          18.92,
          28.57
        ]
      },
      "gesture_f1_macro": {
        "mean": 0.16224999999999998,
        "std": 0.09960709061106042,
        "min": 0.0552,
        "max": 0.3237,
        "values": [
          0.1166,
          0.3237,
          0.0552,
          0.1535
        ]
      },
      "gesture_f1_micro": {
        "mean": 0.30805,
        "std": 0.12620381333382916,
        "min": 0.1892,
        "max": 0.5185,
        "values": [
          0.2388,
          0.5185,
          0.1892,
          0.2857
        ]
      },
      "skill_accuracy": {
        "mean": 16.64,
        "std": 17.639977324248466,
        "min": 0.0,
        "max": 41.56,
        "values": [
          0.0,
          25.0,
          0.0,
          41.56
        ]
      },
      "skill_f1_macro": {
        "mean": 0.08225,
        "std": 0.08515739838675206,
        "min": 0.0,
        "max": 0.1957,
        "values": [
          0.0,
          0.1333,
          0.0,
          0.1957
        ]
      }
    }
  },
  "Suturing": {
    "num_folds": 4,
    "metrics": {
      "loss_total_loss": {
        "mean": 2.6731267499999998,
        "std": 0.8132824520261627,
        "min": 1.851762,
        "max": 3.872812,