{
  "Knot_Tying": {
    "num_folds": 3,
    "metrics": {
      "loss_total_loss": {
        "mean": 2.5828283333333335,
        "std": 0.38989648154720374,
        "min": 2.20665,
        "max": 3.120054,
        "values": [
          2.20665,
          2.421781,
          3.120054
        ]
      },
      "loss_kinematics_loss": {
        "mean": 0.05074033333333333,
        "std": 0.0255027520911415,
        "min": 0.014788,
        "max": 0.071198,
        "values": [
          0.066235,
          0.014788,
          0.071198
        ]
      },
      "loss_position": {
        "mean": 0.04852766666666666,
        "std": 0.016227265785981593,
        "min": 0.029836,
        "max": 0.069404,
        "values": [
          0.046343,
          0.029836,
          0.069404
        ]
      },
      "loss_rotation": {
        "mean": 2.70115,
        "std": 0.09486514169423177,
        "min": 2.573947,
        "max": 2.801679,
        "values": [
          2.801679,
          2.573947,
          2.727824
        ]
      },
      "loss_jaw": {
        "mean": 0.05074033333333333,
        "std": 0.0255027520911415,
        "min": 0.014788,
        "max": 0.071198,
        "values": [
          0.066235,
          0.014788,
          0.071198
        ]
      },
      "loss_gesture_loss": {
        "mean": 1.7528253333333332,
        "std": 0.271925118842588,
        "min": 1.522193,
        "max": 2.13464,
        "values": [
          1.601643,
          1.522193,
          2.13464
        ]
      },
      "loss_skill_loss": {
        "mean": 1.5585266666666666,
        "std": 0.3409523861111532,
        "min": 1.077545,
        "max": 1.828433,
        "values": [
          1.077545,
          1.769602,
          1.828433
        ]
      },
      "kinematics_position_rmse": {
        "mean": 0.306692,
        "std": 0.05157954073079751,
        "min": 0.242221,
        "max": 0.368479,
        "values": [
          0.309376,
          0.242221,
          0.368479
        ]
      },
      "kinematics_end-effector_error": {
        "mean": 0.5029750000000001,
        "std": 0.0843570922961826,
        "min": 0.391476,
        "max": 0.595469,
        "values": [
          0.52198,
          0.391476,
          0.595469
        ]
      },
      "kinematics_rotation_rmse": {
        "mean": 1.0189133333333333,
        "std": 0.1302405082845664,
        "min": 0.8477,
        "max": 1.163328,
        "values": [
          1.163328,
          0.8477,
          1.045712
        ]
      },
      "gesture_accuracy": {
        "mean": 41.44,
        "std": 14.03491598359843,
        "min": 21.82,
        "max": 53.85,
        "values": [
          48.65,
          53.85,
          21.82
        ]
      },
      "gesture_f1_macro": {
        "mean": 0.3369,
        "std": 0.18748441713024225,
        "min": 0.0908,
        "max": 0.5454,
        "values": [
          0.3745,
          0.5454,
          0.0908
        ]
      },
      "gesture_f1_micro": {
        "mean": 0.41439999999999994,
        "std": 0.14034915983598428,
        "min": 0.2182,
        "max": 0.5385,
        "values": [
          0.4865,
          0.5385,
          0.2182
        ]
      },
      "skill_accuracy": {
        "mean": 11.713333333333333,
        "std": 16.565154860596856,
        "min": 0.0,
        "max": 35.14,
        "values": [
          35.14,
          0.0,
          0.0
        ]
      },
      "skill_f1_macro": {
        "mean": 0.05776666666666667,
        "std": 0.0816944034530858,
        "min": 0.0,
        "max": 0.1733,
        "values": [
          0.1733,
          0.0,
          0.0
        ]
      }
    }
  },
  "Needle_Passing": {
    "num_folds": 3,
    "metrics": {
      "loss_total_loss": {
        "mean": 3.0761686666666663,
        "std": 0.1232571160415856,
        "min": 2.978449,
        "max": 3.250035,
        "values": [
          2.978449,
          3.000022,
          3.250035
        ]
      },
      "loss_kinematics_loss": {
        "mean": 0.075972,
        "std": 0.02006291186908487,
        "min": 0.061684,
        "max": 0.104345,
        "values": [
          0.061684,
          0.104345,
          0.061887
        ]
      },
      "loss_position": {
        "mean": 0.19201800000000002,
        "std": 0.1172221087423358,
        "min": 0.038016,
        "max": 0.322161,
        "values": [
          0.038016,
          0.215877,
          0.322161
        ]
      },
      "loss_rotation": {
        "mean": 1.9117586666666666,
        "std": 0.02864839767867575,
        "min": 1.874211,
        "max": 1.943713,
        "values": [
          1.874211,
          1.943713,
          1.917352
        ]
      },
      "loss_jaw": {
        "mean": 0.075972,
        "std": 0.02006291186908487,
        "min": 0.061684,
        "max": 0.104345,
        "values": [
          0.061684,
          0.104345,
          0.061887
        ]
      },
      "loss_gesture_loss": {
        "mean": 2.1016283333333337,
        "std": 0.15239950202091274,
        "min": 1.904076,
        "max": 2.275025,
        "values": [
          2.125784,
          1.904076,
          2.275025
        ]
      },
      "loss_skill_loss": {
        "mean": 1.7971373333333334,
        "std": 0.165093650708385,
        "min": 1.581963,
        "max": 1.983203,
        "values": [
          1.581963,
          1.983203,
          1.826246
        ]
      },
      "kinematics_position_rmse": {
        "mean": 0.590774,
        "std": 0.22783969571608895,
        "min": 0.28351,
        "max": 0.828418,
        "values": [
          0.28351,
          0.660394,
          0.828418
        ]
      },
      "kinematics_end-effector_error": {
        "mean": 0.9939903333333332,
        "std": 0.400881511211092,
        "min": 0.45301,
        "max": 1.411328,
        "values": [
          0.45301,
          1.117633,
          1.411328
        ]
      },
      "kinematics_rotation_rmse": {
        "mean": 0.7558763333333333,
        "std": 0.06635930940635906,
        "min": 0.697263,
        "max": 0.848655,
        "values": [
          0.697263,
          0.721711,
          0.848655
        ]
      },
      "gesture_accuracy": {
        "mean": 27.513333333333335,
        "std": 6.799261397795759,
        "min": 21.62,
        "max": 37.04,
        "values": [
          23.88,
          37.04,
          21.62
        ]
      },
      "gesture_f1_macro": {
        "mean": 0.13496666666666668,
        "std": 0.05375458636763524,
        "min": 0.0733,
        "max": 0.2043,
        "values": [
          0.1273,
          0.2043,
          0.0733
        ]
      },
      "gesture_f1_micro": {
        "mean": 0.2751333333333333,
        "std": 0.06799261397795761,
        "min": 0.2162,
        "max": 0.3704,
        "values": [
          0.2388,
          0.3704,
          0.2162
        ]
      },
      "skill_accuracy": {
        "mean": 0.0,
        "std": 0.0,
        "min": 0.0,
        "max": 0.0,
        "values": [
          0.0,
          0.0,
          0.0
        ]
      },
      "skill_f1_macro": {
        "mean": 0.0,
        "std": 0.0,
        "min": 0.0,
        "max": 0.0,
        "values": [
          0.0,
          0.0,
          0.0
        ]
      }
    }
  },
  "Suturing": {
    "num_folds": 3,
    "metrics": {
      "loss_total_loss": {
        "mean": 2.8321823333333334,
        "std": 0.7311609569031675,
        "min": 1.985965,
        "max": 3.769909,
        "values": [
          1.985965,
          2.740673,
          3.769909
        ]
      },
      "loss_kinematics_loss": {
        "mean": 0.049964666666666664,
        "std": 0.04282859920919924,
        "min": 0.018666,
        "max": 0.110522,
        "values": [
          0.020706,
          0.018666,
          0.110522
        ]
      },
      "loss_position": {
        "mean": 0.28418333333333334,
        "std": 0.2646366592271163,
        "min": 0.077187,
        "max": 0.657706,