{
  "Knot_Tying": {
    "num_folds": 4,
    "metrics": {
      "loss_total_loss": {
        "mean": 2.9474349999999996,
        "std": 0.3534220728343095,
        "min": 2.615232,
        "max": 3.513953,
        "values": [
          2.687317,
          2.973238,
          3.513953,
          2.615232
        ]
      },
      "loss_kinematics_loss": {
        "mean": 0.059192999999999996,
        "std": 0.06229910216447746,
        "min": 0.019302,
        "max": 0.167013,
        "values": [
          0.025968,
          0.167013,
          0.024489,
          0.019302
        ]
      },
      "loss_position": {
        "mean": 0.1909165,
        "std": 0.1171834942270028,
        "min": 0.064889,
        "max": 0.371148,
        "values": [
          0.214275,
          0.064889,
          0.371148,
          0.113354
        ]
      },
      "loss_rotation": {
        "mean": 1.8161315,
        "std": 0.4948351244002895,
        "min": 1.057553,
        "max": 2.380629,
        "values": [
          2.380629,
          1.730806,
          2.095538,
          1.057553
        ]
      },
      "loss_jaw": {
        "mean": 0.059192999999999996,
        "std": 0.06229910216447746,
        "min": 0.019302,
        "max": 0.167013,
        "values": [
          0.025968,
          0.167013,
          0.024489,
          0.019302
        ]
      },
      "loss_gesture_loss": {
        "mean": 2.01443175,
        "std": 0.20641792222863672,
        "min": 1.724286,
        "max": 2.248664,
        "values": [
          2.164497,
          1.92028,
          2.248664,
          1.724286
        ]
      },
      "loss_skill_loss": {
        "mean": 1.74762075,
        "std": 0.5262419143190586,
        "min": 0.993705,
        "max": 2.4816,
        "values": [
          0.993705,
          1.771889,
          2.4816,
          1.743289
        ]
      },
      "kinematics_position_rmse": {
        "mean": 0.58592,
        "std": 0.18899369974552063,
        "min": 0.359146,
        "max": 0.864944,
        "values": [
          0.637989,
          0.359146,
          0.864944,
          0.481601
        ]
      },
      "kinematics_end-effector_error": {
        "mean": 1.00524525,
        "std": 0.3241954082628061,
        "min": 0.617329,
        "max": 1.484566,
        "values": [
          1.093718,
          0.617329,
          1.484566,
          0.825368
        ]
      },
      "kinematics_rotation_rmse": {
        "mean": 0.71257325,
        "std": 0.18468573546483633,
        "min": 0.508867,
        "max": 1.006837,
        "values": [
          1.006837,
          0.62121,
          0.713379,
          0.508867
        ]
      },
      "gesture_accuracy": {
        "mean": 27.35,
        "std": 5.843282467928449,
        "min": 21.62,
        "max": 35.19,
        "values": [
          21.62,
          30.77,
          21.82,
          35.19
        ]
      },
      "gesture_f1_macro": {
        "mean": 0.1606,
        "std": 0.07317656728762288,
        "min": 0.0711,
        "max": 0.2617,
        "values": [
          0.0711,
          0.1943,
          0.1153,
          0.2617
        ]
      },
      "gesture_f1_micro": {
        "mean": 0.27349999999999997,
        "std": 0.05843282467928449,
        "min": 0.2162,
        "max": 0.3519,
        "values": [
          0.2162,
          0.3077,
          0.2182,
          0.3519
        ]
      },
      "skill_accuracy": {
        "mean": 17.52,
        "std": 22.913589854058223,
        "min": 0.0,
        "max": 56.76,
        "values": [
          56.76,
          9.62,
          0.0,
          3.7
        ]
      },
      "skill_f1_macro": {
        "mean": 0.0839,
        "std": 0.09329236303149363,
        "min": 0.0,
        "max": 0.2414,
        "values": [
          0.2414,
          0.0585,
          0.0,
          0.0357
        ]
      }
    }
  },
  "Needle_Passing": {
    "num_folds": 4,
    "metrics": {
      "loss_total_loss": {
        "mean": 3.26624325,
        "std": 0.794228639832188,
        "min": 2.189098,
        "max": 4.320189,
        "values": [
          4.320189,
          2.189098,
          3.632726,
          2.92296
        ]
      },
      "loss_kinematics_loss": {
        "mean": 0.032675499999999996,
        "std": 0.013625556291395956,
        "min": 0.016879,
        "max": 0.054359,
        "values": [
          0.02806,
          0.054359,
          0.016879,
          0.031404
        ]
      },
      "loss_position": {
        "mean": 0.19063475000000002,
        "std": 0.14157730427998513,
        "min": 0.045992,
        "max": 0.414863,
        "values": [
          0.204739,
          0.045992,
          0.414863,
          0.096945
        ]
      },
      "loss_rotation": {
        "mean": 1.91108,
        "std": 0.33897764746513886,
        "min": 1.401833,
        "max": 2.290835,
        "values": [
          2.290835,
          1.821403,
          2.130249,
          1.401833
        ]
      },
      "loss_jaw": {
        "mean": 0.032675499999999996,
        "std": 0.013625556291395956,
        "min": 0.016879,
        "max": 0.054359,
        "values": [
          0.02806,
          0.054359,
          0.016879,
          0.031404
        ]
      },
      "loss_gesture_loss": {
        "mean": 2.176291,
        "std": 0.4759609035908307,
        "min": 1.758386,
        "max": 2.944106,
        "values": [
          2.944106,
          1.758386,
          2.202274,
          1.800398
        ]
      },
      "loss_skill_loss": {
        "mean": 2.114553,
        "std": 0.8223666177058745,
        "min": 0.752704,
        "max": 2.827146,
        "values": [
          2.696046,
          0.752704,
          2.827146,
          2.182316
        ]
      },
      "kinematics_position_rmse": {
        "mean": 0.5768125000000001,
        "std": 0.23415222984684558,
        "min": 0.303699,
        "max": 0.925983,
        "values": [
          0.638548,
          0.303699,
          0.925983,
          0.43902
        ]
      },
      "kinematics_end-effector_error": {
        "mean": 0.9887340000000001,
        "std": 0.404739328514045,
        "min": 0.517698,
        "max": 1.593244,
        "values": [
          1.093812,
          0.517698,
          1.593244,
          0.750182
        ]
      },
      "kinematics_rotation_rmse": {
        "mean": 0.8131032499999999,
        "std": 0.12542569935897308,
        "min": 0.675014,
        "max": 0.97056,
        "values": [
          0.900573,
          0.706266,
          0.97056,
          0.675014
        ]
      },
      "gesture_accuracy": {
        "mean": 31.7175,
        "std": 8.704913483200164,
        "min": 21.62,
        "max": 43.52,
        "values": [
          25.37,
          43.52,
          21.62,
          36.36
        ]
      },
      "gesture_f1_macro": {
        "mean": 0.19417500000000001,
        "std": 0.078469751337697,
        "min": 0.0942,
        "max": 0.3128,
        "values": [
          0.1709,
          0.3128,
          0.0942,
          0.1988
        ]
      },
      "gesture_f1_micro": {
        "mean": 0.317175,
        "std": 0.08704913483200162,
        "min": 0.2162,
        "max": 0.4352,
        "values": [
          0.2537,
          0.4352,
          0.2162,
          0.3636
        ]
      },
      "skill_accuracy": {
        "mean": 17.3175,
        "std": 28.51344277266427,
        "min": 0.0,
        "max": 66.67,
        "values": [
          0.0,
          66.67,
          0.0,
          2.6
        ]
      },
      "skill_f1_macro": {
        "mean": 0.073,
        "std": 0.11230870402600147,
        "min": 0.0,
        "max": 0.2667,
        "values": [
          0.0,
          0.2667,
          0.0,
          0.0253
        ]
      }
    }
  },
  "Suturing": {
    "num_folds": 4,
    "metrics": {
      "loss_total_loss": {
        "mean": 2.7105365,
        "std": 0.8810297857032132,
        "min": 1.966115,