{
  "Knot_Tying": {
    "num_folds": 3,
    "metrics": {
      "loss_total_loss": {
        "mean": 2.4878363333333335,
        "std": 0.5028955723967176,
        "min": 2.030529,
        "max": 3.188198,
        "values": [
          2.030529,
          2.244782,
          3.188198
        ]
      },
      "loss_kinematics_loss": {
        "mean": 0.10938833333333332,
        "std": 0.10092344996855566,
        "min": 0.025027,
        "max": 0.251272,
        "values": [
          0.051866,
          0.025027,
          0.251272
        ]
      },
      "loss_position": {
        "mean": 0.12912133333333334,
        "std": 0.06295297904697512,
        "min": 0.065477,
        "max": 0.214857,
        "values": [
          0.214857,
          0.065477,
          0.10703
        ]
      },
      "loss_rotation": {
        "mean": 1.9332373333333333,
        "std": 0.3194366326272273,
        "min": 1.501033,
        "max": 2.263178,
        "values": [
          2.035501,
          1.501033,
          2.263178
        ]
      },
      "loss_jaw": {
        "mean": 0.10938833333333332,
        "std": 0.10092344996855566,
        "min": 0.025027,
        "max": 0.251272,
        "values": [
          0.051866,
          0.025027,
          0.251272
        ]
      },
      "loss_gesture_loss": {
        "mean": 1.7945263333333334,
        "std": 0.2373061590103009,
        "min": 1.590902,
        "max": 2.127367,
        "values": [
          1.66531,
          1.590902,
          2.127367
        ]
      },
      "loss_skill_loss": {
        "mean": 1.1678439999999999,
        "std": 0.4101027654194332,
        "min": 0.626707,
        "max": 1.619118,
        "values": [
          0.626707,
          1.257707,
          1.619118
        ]
      },
      "kinematics_position_rmse": {
        "mean": 0.503007,
        "std": 0.1196878853128698,
        "min": 0.369841,
        "max": 0.660077,
        "values": [
          0.660077,
          0.369841,
          0.479103
        ]
      },
      "kinematics_end-effector_error": {
        "mean": 0.8430083333333332,
        "std": 0.21777602238130403,
        "min": 0.615216,
        "max": 1.136411,
        "values": [
          1.136411,
          0.615216,
          0.777398
        ]
      },
      "kinematics_rotation_rmse": {
        "mean": 0.8178923333333333,
        "std": 0.036212206287690105,
        "min": 0.778866,
        "max": 0.866123,
        "values": [
          0.808688,
          0.866123,
          0.778866
        ]
      },
      "gesture_accuracy": {
        "mean": 45.31666666666667,
        "std": 12.912991735285653,
        "min": 27.27,
        "max": 56.76,
        "values": [
          56.76,
          51.92,
          27.27
        ]
      },
      "gesture_f1_macro": {
        "mean": 0.3979333333333333,
        "std": 0.1685319422410943,
        "min": 0.1641,
        "max": 0.5548,
        "values": [
          0.4749,
          0.5548,
          0.1641
        ]
      },
      "gesture_f1_micro": {
        "mean": 0.45316666666666666,
        "std": 0.1291299173528565,
        "min": 0.2727,
        "max": 0.5676,
        "values": [
          0.5676,
          0.5192,
          0.2727
        ]
      },
      "skill_accuracy": {
        "mean": 31.63666666666667,
        "std": 32.117592617684714,
        "min": 0.0,
        "max": 75.68,
        "values": [
          75.68,
          19.23,
          0.0
        ]
      },
      "skill_f1_macro": {
        "mean": 0.1495,
        "std": 0.11754542384400453,
        "min": 0.0,
        "max": 0.2872,
        "values": [
          0.2872,
          0.1613,
          0.0
        ]
      }
    }
  },
  "Needle_Passing": {
    "num_folds": 3,
    "metrics": {
      "loss_total_loss": {
        "mean": 3.121881333333333,
        "std": 0.07686598532655528,
        "min": 3.013332,
        "max": 3.181191,
        "values": [
          3.013332,
          3.171121,
          3.181191
        ]
      },
      "loss_kinematics_loss": {
        "mean": 0.077621,
        "std": 0.014726557597302455,
        "min": 0.058625,
        "max": 0.094513,
        "values": [
          0.079725,
          0.094513,
          0.058625
        ]
      },
      "loss_position": {
        "mean": 0.12191366666666666,
        "std": 0.07060054746876179,
        "min": 0.037987,
        "max": 0.210716,
        "values": [
          0.210716,
          0.117038,
          0.037987
        ]
      },
      "loss_rotation": {
        "mean": 2.6178796666666666,
        "std": 0.3784218509426865,
        "min": 2.179297,
        "max": 3.102762,
        "values": [
          2.57158,
          3.102762,
          2.179297
        ]
      },
      "loss_jaw": {
        "mean": 0.077621,
        "std": 0.014726557597302455,
        "min": 0.058625,
        "max": 0.094513,
        "values": [
          0.079725,
          0.094513,
          0.058625
        ]
      },
      "loss_gesture_loss": {
        "mean": 2.122115666666667,
        "std": 0.13570020546860728,
        "min": 1.932225,
        "max": 2.241102,
        "values": [
          2.19302,
          1.932225,
          2.241102
        ]
      },
      "loss_skill_loss": {
        "mean": 1.844288,
        "std": 0.3346799873501054,
        "min": 1.481173,
        "max": 2.288765,
        "values": [
          1.481173,
          2.288765,
          1.762926
        ]
      },
      "kinematics_position_rmse": {
        "mean": 0.468818,
        "std": 0.15108427605809943,
        "min": 0.275656,
        "max": 0.644494,
        "values": [
          0.644494,
          0.486304,
          0.275656
        ]
      },
      "kinematics_end-effector_error": {
        "mean": 0.7726146666666667,
        "std": 0.260056995537944,
        "min": 0.43015,
        "max": 1.059963,
        "values": [
          1.059963,
          0.827731,
          0.43015
        ]
      },
      "kinematics_rotation_rmse": {
        "mean": 0.8981276666666668,
        "std": 0.20665056154828668,
        "min": 0.735713,
        "max": 1.189746,
        "values": [
          0.768924,
          1.189746,
          0.735713
        ]
      },
      "gesture_accuracy": {
        "mean": 25.49,
        "std": 6.289456786294557,
        "min": 19.82,
        "max": 34.26,
        "values": [
          22.39,
          34.26,
          19.82
        ]
      },
      "gesture_f1_macro": {
        "mean": 0.13276666666666667,
        "std": 0.06613150199077257,
        "min": 0.0669,
        "max": 0.2232,
        "values": [
          0.1082,
          0.2232,
          0.0669
        ]
      },
      "gesture_f1_micro": {
        "mean": 0.25489999999999996,
        "std": 0.06289456786294559,
        "min": 0.1982,
        "max": 0.3426,
        "values": [
          0.2239,
          0.3426,
          0.1982
        ]
      },
      "skill_accuracy": {
        "mean": 1.4933333333333334,
        "std": 2.1118922531438225,
        "min": 0.0,
        "max": 4.48,
        "values": [
          4.48,
          0.0,
          0.0
        ]
      },
      "skill_f1_macro": {
        "mean": 0.009533333333333333,
        "std": 0.013482169294623507,
        "min": 0.0,
        "max": 0.0286,
        "values": [
          0.0286,
          0.0,
          0.0
        ]
      }
    }
  },
  "Suturing": {
    "num_folds": 3,
    "metrics": {
      "loss_total_loss": {
        "mean": 2.8579020000000006,
        "std": 0.6832935382196048,
        "min": 2.04334,
        "max": 3.715407,
        "values": [
          2.04334,
          2.814959,
          3.715407
        ]
      },
      "loss_kinematics_loss": {
        "mean": 0.02327233333333333,
        "std": 0.008566624085497286,
        "min": 0.011372,
        "max": 0.031189,
        "values": [
          0.011372,
          0.027256,
          0.031189
        ]
      },
      "loss_position": {
        "mean": 0.10989933333333333,