{
  "Knot_Tying": {
    "num_folds": 7,
    "metrics": {
      "loss_total_loss": {
        "mean": 2.5032915714285715,
        "std": 0.40371163845527774,
        "min": 1.927178,
        "max": 3.253901,
        "values": [
          2.23039,
          2.513494,
          3.253901,
          2.732734,
          2.665441,
          1.927178,
          2.199903
        ]
      },
      "loss_kinematics_loss": {
        "mean": 0.06736557142857143,
        "std": 0.07444859729055081,
        "min": 0.014004,
        "max": 0.221975,
        "values": [
          0.022234,
          0.025358,
          0.221975,
          0.136431,
          0.028618,
          0.022939,
          0.014004
        ]
      },
      "loss_position": {
        "mean": 0.19690128571428572,
        "std": 0.20926491007723358,
        "min": 0.019724,
        "max": 0.569049,
        "values": [
          0.062899,
          0.019724,
          0.112509,
          0.090812,
          0.047256,
          0.47606,
          0.569049
        ]
      },
      "loss_rotation": {
        "mean": 2.050223142857143,
        "std": 0.5382925085647947,
        "min": 1.520148,
        "max": 3.124647,
        "values": [
          2.328739,
          2.31464,
          1.520148,
          3.124647,
          1.642123,
          1.55528,
          1.865985
        ]
      },
      "loss_jaw": {
        "mean": 0.06736557142857143,
        "std": 0.07444859729055081,
        "min": 0.014004,
        "max": 0.221975,
        "values": [
          0.022234,
          0.025358,
          0.221975,
          0.136431,
          0.028618,
          0.022939,
          0.014004
        ]
      },
      "loss_gesture_loss": {
        "mean": 1.7167148571428572,
        "std": 0.2172693613239623,
        "min": 1.495142,
        "max": 2.183806,
        "values": [
          1.737316,
          1.656636,
          2.183806,
          1.816778,
          1.529922,
          1.495142,
          1.597404
        ]
      },
      "loss_skill_loss": {
        "mean": 1.4384231428571428,
        "std": 0.45236716377752545,
        "min": 0.818195,
        "max": 2.213801,
        "values": [
          0.94168,
          1.663002,
          1.696242,
          1.559052,
          2.213801,
          0.818195,
          1.17699
        ]
      },
      "kinematics_position_rmse": {
        "mean": 0.5616491428571428,
        "std": 0.34675414200613114,
        "min": 0.19538,
        "max": 1.147382,
        "values": [
          0.355531,
          0.19538,
          0.477946,
          0.425688,
          0.293882,
          1.035735,
          1.147382
        ]
      },
      "kinematics_end-effector_error": {
        "mean": 0.9500644285714286,
        "std": 0.6042049478143884,
        "min": 0.315722,
        "max": 1.976996,
        "values": [
          0.604355,
          0.315722,
          0.773318,
          0.705914,
          0.49748,
          1.776666,
          1.976996
        ]
      },
      "kinematics_rotation_rmse": {
        "mean": 0.8031324285714285,
        "std": 0.1720466242628576,
        "min": 0.586545,
        "max": 1.144266,
        "values": [
          0.771999,
          0.893702,
          0.61718,
          1.144266,
          0.813219,
          0.586545,
          0.795016
        ]
      },
      "gesture_accuracy": {
        "mean": 40.20142857142857,
        "std": 11.415030728412965,
        "min": 20.37,
        "max": 54.0,
        "values": [
          37.84,
          44.23,
          29.09,
          20.37,
          54.0,
          42.31,
          53.57
        ]
      },
      "gesture_f1_macro": {
        "mean": 0.3202714285714286,
        "std": 0.13650433498386694,
        "min": 0.1024,
        "max": 0.4794,
        "values": [
          0.3541,
          0.373,
          0.1024,
          0.1265,
          0.4379,
          0.3686,
          0.4794
        ]
      },
      "gesture_f1_micro": {
        "mean": 0.4020142857142857,
        "std": 0.11415030728412966,
        "min": 0.2037,
        "max": 0.54,
        "values": [
          0.3784,
          0.4423,
          0.2909,
          0.2037,
          0.54,
          0.4231,
          0.5357
        ]
      },
      "skill_accuracy": {
        "mean": 23.927142857142854,
        "std": 26.093688735721802,
        "min": 0.0,
        "max": 67.31,
        "values": [
          51.35,
          7.69,
          0.0,
          1.85,
          0.0,
          67.31,
          39.29
        ]
      },
      "skill_f1_macro": {
        "mean": 0.10601428571428571,
        "std": 0.1083517081224898,
        "min": 0.0,
        "max": 0.2682,
        "values": [
          0.2262,
          0.0476,
          0.0,
          0.0121,
          0.0,
          0.2682,
          0.188
        ]
      }
    }
  },
  "Needle_Passing": {
    "num_folds": 7,
    "metrics": {
      "loss_total_loss": {
        "mean": 3.238175142857142,
        "std": 0.9540537854581259,
        "min": 2.371888,
        "max": 5.421108,
        "values": [
          5.421108,
          2.692855,
          3.576578,
          2.82404,
          2.371888,
          2.766771,
          3.013986
        ]
      },
      "loss_kinematics_loss": {
        "mean": 0.07167142857142858,
        "std": 0.05306243133963491,
        "min": 0.019363,
        "max": 0.167452,
        "values": [
          0.023191,
          0.046554,
          0.167452,
          0.136351,
          0.019363,
          0.05873,
          0.050059
        ]
      },
      "loss_position": {
        "mean": 0.17785485714285715,
        "std": 0.11581210069446675,
        "min": 0.023142,
        "max": 0.362907,
        "values": [
          0.023142,
          0.04414,
          0.256257,
          0.190757,
          0.259524,
          0.108257,
          0.362907
        ]
      },
      "loss_rotation": {
        "mean": 2.0037694285714283,
        "std": 0.45432418179151607,
        "min": 1.452377,
        "max": 2.894738,
        "values": [
          2.024054,
          1.454962,
          1.940648,
          2.894738,
          2.199302,
          2.060305,
          1.452377
        ]
      },
      "loss_jaw": {
        "mean": 0.07167142857142858,
        "std": 0.05306243133963491,
        "min": 0.019363,
        "max": 0.167452,
        "values": [
          0.023191,
          0.046554,
          0.167452,
          0.136351,
          0.019363,
          0.05873,
          0.050059
        ]
      },
      "loss_gesture_loss": {
        "mean": 2.2091515714285714,
        "std": 0.44884452618182585,
        "min": 1.589549,
        "max": 3.072505,
        "values": [
          3.072505,
          1.7753,
          2.394054,
          2.016527,
          1.589549,
          2.338527,
          2.277599
        ]
      },
      "loss_skill_loss": {
        "mean": 1.914704857142857,
        "std": 1.1762101746927265,
        "min": 0.739028,
        "max": 4.650826,
        "values": [
          4.650826,
          1.742003,
          2.030145,
          1.342324,
          1.525951,
          0.739028,
          1.372657
        ]
      },
      "kinematics_position_rmse": {
        "mean": 0.5589347142857143,
        "std": 0.21805140411426863,
        "min": 0.227472,
        "max": 0.856746,
        "values": [
          0.227472,
          0.29676,
          0.719112,
          0.621495,
          0.724492,
          0.466466,
          0.856746
        ]
      },
      "kinematics_end-effector_error": {
        "mean": 0.9455321428571428,
        "std": 0.3832816020039233,
        "min": 0.363983,
        "max": 1.470948,
        "values": [
          0.363983,
          0.488621,
          1.220264,
          1.05864,
          1.241796,
          0.774473,
          1.470948
        ]
      },
      "kinematics_rotation_rmse": {
        "mean": 0.8103502857142857,
        "std": 0.1484184184909236,
        "min": 0.552775,