{
  "Knot_Tying": {
    "num_folds": 3,
    "metrics": {
      "loss_total_loss": {
        "mean": 2.665928333333333,
        "std": 0.4315250948781027,
        "min": 2.23039,
        "max": 3.253901,
        "values": [
          2.23039,
          2.513494,
          3.253901
        ]
      },
      "loss_kinematics_loss": {
        "mean": 0.08985566666666667,
        "std": 0.09343118153426558,
        "min": 0.022234,
        "max": 0.221975,
        "values": [
          0.022234,
          0.025358,
          0.221975
        ]
      },
      "loss_position": {
        "mean": 0.065044,
        "std": 0.03790967180900762,
        "min": 0.019724,
        "max": 0.112509,
        "values": [
          0.062899,
          0.019724,
          0.112509
        ]
      },
      "loss_rotation": {
        "mean": 2.054509,
        "std": 0.37789412467074246,
        "min": 1.520148,
        "max": 2.328739,
        "values": [
          2.328739,
          2.31464,
          1.520148
        ]
      },
      "loss_jaw": {
        "mean": 0.08985566666666667,
        "std": 0.09343118153426558,
        "min": 0.022234,
        "max": 0.221975,
        "values": [
          0.022234,
          0.025358,
          0.221975
        ]
      },
      "loss_gesture_loss": {
        "mean": 1.8592526666666667,
        "std": 0.23184544454346212,
        "min": 1.656636,
        "max": 2.183806,
        "values": [
          1.737316,
          1.656636,
          2.183806
        ]
      },
      "loss_skill_loss": {
        "mean": 1.4336413333333333,
        "std": 0.3481337765106333,
        "min": 0.94168,
        "max": 1.696242,
        "values": [
          0.94168,
          1.663002,
          1.696242
        ]
      },
      "kinematics_position_rmse": {
        "mean": 0.3429523333333333,
        "std": 0.11569947631783914,
        "min": 0.19538,
        "max": 0.477946,
        "values": [
          0.355531,
          0.19538,
          0.477946
        ]
      },
      "kinematics_end-effector_error": {
        "mean": 0.564465,
        "std": 0.1889302055945528,
        "min": 0.315722,
        "max": 0.773318,
        "values": [
          0.604355,
          0.315722,
          0.773318
        ]
      },
      "kinematics_rotation_rmse": {
        "mean": 0.7609603333333332,
        "std": 0.11315916001318185,
        "min": 0.61718,
        "max": 0.893702,
        "values": [
          0.771999,
          0.893702,
          0.61718
        ]
      },
      "gesture_accuracy": {
        "mean": 37.053333333333335,
        "std": 6.205859238565509,
        "min": 29.09,
        "max": 44.23,
        "values": [
          37.84,
          44.23,
          29.09
        ]
      },
      "gesture_f1_macro": {
        "mean": 0.2765,
        "std": 0.12334885487915971,
        "min": 0.1024,
        "max": 0.373,
        "values": [
          0.3541,
          0.373,
          0.1024
        ]
      },
      "gesture_f1_micro": {
        "mean": 0.3705333333333333,
        "std": 0.062058592385655115,
        "min": 0.2909,
        "max": 0.4423,
        "values": [
          0.3784,
          0.4423,
          0.2909
        ]
      },
      "skill_accuracy": {
        "mean": 19.68,
        "std": 22.613059648501057,
        "min": 0.0,
        "max": 51.35,
        "values": [
          51.35,
          7.69,
          0.0
        ]
      },
      "skill_f1_macro": {
        "mean": 0.09126666666666668,
        "std": 0.09737108856785412,
        "min": 0.0,
        "max": 0.2262,
        "values": [
          0.2262,
          0.0476,
          0.0
        ]
      }
    }
  },
  "Needle_Passing": {
    "num_folds": 7,
    "metrics": {
      "loss_total_loss": {
        "mean": 3.238175142857142,
        "std": 0.9540537854581259,
        "min": 2.371888,
        "max": 5.421108,
        "values": [
          5.421108,
          2.692855,
          3.576578,
          2.82404,
          2.371888,
          2.766771,
          3.013986
        ]
      },
      "loss_kinematics_loss": {
        "mean": 0.07167142857142858,
        "std": 0.05306243133963491,
        "min": 0.019363,
        "max": 0.167452,
        "values": [
          0.023191,
          0.046554,
          0.167452,
          0.136351,
          0.019363,
          0.05873,
          0.050059
        ]
      },
      "loss_position": {
        "mean": 0.17785485714285715,
        "std": 0.11581210069446675,
        "min": 0.023142,
        "max": 0.362907,
        "values": [
          0.023142,
          0.04414,
          0.256257,
          0.190757,
          0.259524,
          0.108257,
          0.362907
        ]
      },
      "loss_rotation": {
        "mean": 2.0037694285714283,
        "std": 0.45432418179151607,
        "min": 1.452377,
        "max": 2.894738,
        "values": [
          2.024054,
          1.454962,
          1.940648,
          2.894738,
          2.199302,
          2.060305,
          1.452377
        ]
      },
      "loss_jaw": {
        "mean": 0.07167142857142858,
        "std": 0.05306243133963491,
        "min": 0.019363,
        "max": 0.167452,
        "values": [
          0.023191,
          0.046554,
          0.167452,
          0.136351,
          0.019363,
          0.05873,
          0.050059
        ]
      },
      "loss_gesture_loss": {
        "mean": 2.2091515714285714,
        "std": 0.44884452618182585,
        "min": 1.589549,
        "max": 3.072505,
        "values": [
          3.072505,
          1.7753,
          2.394054,
          2.016527,
          1.589549,
          2.338527,
          2.277599
        ]
      },
      "loss_skill_loss": {
        "mean": 1.914704857142857,
        "std": 1.1762101746927265,
        "min": 0.739028,
        "max": 4.650826,
        "values": [
          4.650826,
          1.742003,
          2.030145,
          1.342324,
          1.525951,
          0.739028,
          1.372657
        ]
      },
      "kinematics_position_rmse": {
        "mean": 0.5589347142857143,
        "std": 0.21805140411426863,
        "min": 0.227472,
        "max": 0.856746,
        "values": [
          0.227472,
          0.29676,
          0.719112,
          0.621495,
          0.724492,
          0.466466,
          0.856746
        ]
      },
      "kinematics_end-effector_error": {
        "mean": 0.9455321428571428,
        "std": 0.3832816020039233,
        "min": 0.363983,
        "max": 1.470948,
        "values": [
          0.363983,
          0.488621,
          1.220264,
          1.05864,
          1.241796,
          0.774473,
          1.470948
        ]
      },
      "kinematics_rotation_rmse": {
        "mean": 0.8103502857142857,
        "std": 0.1484184184909236,
        "min": 0.552775,
        "max": 1.056659,
        "values": [
          0.552775,
          0.77401,
          0.94429,
          1.056659,
          0.838569,
          0.736261,
          0.769888
        ]
      },
      "gesture_accuracy": {
        "mean": 28.17285714285714,
        "std": 6.99366593892689,
        "min": 21.33,
        "max": 40.74,
        "values": [
          25.37,
          40.74,
          22.52,
          24.68,
          37.04,
          25.53,
          21.33
        ]
      },
      "gesture_f1_macro": {
        "mean": 0.1580857142857143,
        "std": 0.0767803812101471,
        "min": 0.0791,
        "max": 0.2924,
        "values": [
          0.1871,
          0.2338,
          0.0791,
          0.14,
          0.2924,
          0.0891,
          0.0851
        ]
      },
      "gesture_f1_micro": {
        "mean": 0.28172857142857144,
        "std": 0.0699366593892689,
        "min": 0.2133,
        "max": 0.4074,
        "values": [
          0.2537,
          0.4074,
          0.2252,
          0.2468,
          0.3704,
          0.2553,
          0.2133
        ]
      },
      "skill_accuracy": {
        "mean": 20.004285714285714,