{
  "Knot_Tying": {
    "num_folds": 3,
    "metrics": {
      "loss_total_loss": {
        "mean": 2.621168,
        "std": 0.13867755249018013,
        "min": 2.513979,
        "max": 2.816995,
        "values": [
          2.53253,
          2.816995,
          2.513979
        ]
      },
      "loss_kinematics_loss": {
        "mean": 0.10797033333333333,
        "std": 0.031824321279312284,
        "min": 0.063289,
        "max": 0.134987,
        "values": [
          0.134987,
          0.125635,
          0.063289
        ]
      },
      "loss_position": {
        "mean": 0.175509,
        "std": 0.08172791281237192,
        "min": 0.061766,
        "max": 0.250159,
        "values": [
          0.061766,
          0.214602,
          0.250159
        ]
      },
      "loss_rotation": {
        "mean": 2.2412319999999997,
        "std": 0.33599371453148735,
        "min": 1.81213,
        "max": 2.632535,
        "values": [
          2.279031,
          2.632535,
          1.81213
        ]
      },
      "loss_jaw": {
        "mean": 0.10797033333333333,
        "std": 0.031824321279312284,
        "min": 0.063289,
        "max": 0.134987,
        "values": [
          0.134987,
          0.125635,
          0.063289
        ]
      },
      "loss_gesture_loss": {
        "mean": 1.9880443333333335,
        "std": 0.0702716866707749,
        "min": 1.907865,
        "max": 2.078983,
        "values": [
          1.907865,
          1.977285,
          2.078983
        ]
      },
      "loss_skill_loss": {
        "mean": 1.050306,
        "std": 0.28400826086225023,
        "min": 0.743414,
        "max": 1.428149,
        "values": [
          0.979355,
          1.428149,
          0.743414
        ]
      },
      "kinematics_position_rmse": {
        "mean": 0.5847906666666667,
        "std": 0.1639556591121175,
        "min": 0.354834,
        "max": 0.725501,
        "values": [
          0.354834,
          0.674037,
          0.725501
        ]
      },
      "kinematics_end-effector_error": {
        "mean": 0.983816,
        "std": 0.2860737054408648,
        "min": 0.581549,
        "max": 1.222275,
        "values": [
          0.581549,
          1.147624,
          1.222275
        ]
      },
      "kinematics_rotation_rmse": {
        "mean": 0.9236743333333334,
        "std": 0.09288743928480796,
        "min": 0.813617,
        "max": 1.040813,
        "values": [
          0.813617,
          1.040813,
          0.916593
        ]
      },
      "gesture_accuracy": {
        "mean": 32.846666666666664,
        "std": 2.836316077042346,
        "min": 28.85,
        "max": 35.14,
        "values": [
          35.14,
          28.85,
          34.55
        ]
      },
      "gesture_f1_macro": {
        "mean": 0.23409999999999997,
        "std": 0.04428701841397771,
        "min": 0.184,
        "max": 0.2917,
        "values": [
          0.2917,
          0.2266,
          0.184
        ]
      },
      "gesture_f1_micro": {
        "mean": 0.32846666666666663,
        "std": 0.028363160770423473,
        "min": 0.2885,
        "max": 0.3514,
        "values": [
          0.3514,
          0.2885,
          0.3455
        ]
      },
      "skill_accuracy": {
        "mean": 55.72,
        "std": 33.32824127773121,
        "min": 9.62,
        "max": 87.27,
        "values": [
          70.27,
          9.62,
          87.27
        ]
      },
      "skill_f1_macro": {
        "mean": 0.26653333333333334,
        "std": 0.16647142564282785,
        "min": 0.0585,
        "max": 0.466,
        "values": [
          0.2751,
          0.0585,
          0.466
        ]
      }
    }
  },
  "Needle_Passing": {
    "num_folds": 3,
    "metrics": {
      "loss_total_loss": {
        "mean": 3.3776983333333335,
        "std": 0.24931671408382447,
        "min": 3.040033,
        "max": 3.634422,
        "values": [
          3.634422,
          3.040033,
          3.45864
        ]
      },
      "loss_kinematics_loss": {
        "mean": 0.08622133333333333,
        "std": 0.044449912165892475,
        "min": 0.030876,
        "max": 0.139708,
        "values": [
          0.139708,
          0.030876,
          0.08808
        ]
      },
      "loss_position": {
        "mean": 0.22361299999999998,
        "std": 0.0661367941517176,
        "min": 0.131848,
        "max": 0.285164,
        "values": [
          0.131848,
          0.285164,
          0.253827
        ]
      },
      "loss_rotation": {
        "mean": 2.0391790000000003,
        "std": 0.24840509800055763,
        "min": 1.707086,
        "max": 2.304439,
        "values": [
          2.106012,
          1.707086,
          2.304439
        ]
      },
      "loss_jaw": {
        "mean": 0.08622133333333333,
        "std": 0.044449912165892475,
        "min": 0.030876,
        "max": 0.139708,
        "values": [
          0.139708,
          0.030876,
          0.08808
        ]
      },
      "loss_gesture_loss": {
        "mean": 2.241233,
        "std": 0.23558062623795417,
        "min": 1.984105,
        "max": 2.553267,
        "values": [
          2.553267,
          1.984105,
          2.186327
        ]
      },
      "loss_skill_loss": {
        "mean": 2.1004886666666667,
        "std": 0.20140870361917226,
        "min": 1.882896,
        "max": 2.368465,
        "values": [
          1.882896,
          2.050105,
          2.368465
        ]
      },
      "kinematics_position_rmse": {
        "mean": 0.6635786666666667,
        "std": 0.11099787783657046,
        "min": 0.509208,
        "max": 0.765423,
        "values": [
          0.509208,
          0.765423,
          0.716105
        ]
      },
      "kinematics_end-effector_error": {
        "mean": 1.1343166666666666,
        "std": 0.1998385336887981,
        "min": 0.857479,
        "max": 1.321968,
        "values": [
          0.857479,
          1.321968,
          1.223503
        ]
      },
      "kinematics_rotation_rmse": {
        "mean": 0.7308603333333333,
        "std": 0.22266631631858666,
        "min": 0.526342,
        "max": 1.040483,
        "values": [
          0.625756,
          0.526342,
          1.040483
        ]
      },
      "gesture_accuracy": {
        "mean": 25.94333333333333,
        "std": 4.645903811124616,
        "min": 19.4,
        "max": 29.73,
        "values": [
          19.4,
          28.7,
          29.73
        ]
      },
      "gesture_f1_macro": {
        "mean": 0.11093333333333333,
        "std": 0.015147350336683385,
        "min": 0.095,
        "max": 0.1313,
        "values": [
          0.1065,
          0.095,
          0.1313
        ]
      },
      "gesture_f1_micro": {
        "mean": 0.25943333333333335,
        "std": 0.046459038111246145,
        "min": 0.194,
        "max": 0.2973,
        "values": [
          0.194,
          0.287,
          0.2973
        ]
      },
      "skill_accuracy": {
        "mean": 0.0,
        "std": 0.0,
        "min": 0.0,
        "max": 0.0,
        "values": [
          0.0,
          0.0,
          0.0
        ]
      },
      "skill_f1_macro": {
        "mean": 0.0,
        "std": 0.0,
        "min": 0.0,
        "max": 0.0,
        "values": [
          0.0,
          0.0,
          0.0
        ]
      }
    }
  },
  "Suturing": {
    "num_folds": 3,
    "metrics": {
      "loss_total_loss": {
        "mean": 2.6854643333333335,
        "std": 0.6131968690419815,
        "min": 1.85314,
        "max": 3.312441,
        "values": [
          1.85314,
          2.890812,
          3.312441
        ]
      },
      "loss_kinematics_loss": {
        "mean": 0.03195866666666666,
        "std": 0.01166161967976814,
        "min": 0.015669,
        "max": 0.042334,
        "values": [
          0.042334,
          0.015669,
          0.037873
        ]
      },
      "loss_position": {
        "mean": 0.20209666666666667,
        "std": 0.08195699559457319,
        "min": 0.091506,